product_id,brand_name,staging_product_name,official_product_name,official_code,official_url,verification_result,current_scope,checked_date,notes
TMP_NBR_BRNC_0005_0002,GLOBAL WORK,リネン混シアーVネックカーディガン長袖,リネン混シアーVネックカーディガン長袖,650269,https://www.dot-st.com/globalwork/disp/item/650269/,OFFICIAL_CURRENT_EXACT_MATCH,WOMEN_KNIT,2026-08-09,公式商品名と品番を照合。価格・混率・販売数量は本リンク照合では登録しない
TMP_NBR_BRNC_0005_0003,GLOBAL WORK,リネン混シアーフレンチプルオーバー,リネン混シアーフレンチプルオーバー/一部店舗限定,655851,https://www.dot-st.com/globalwork/disp/item/655851/,OFFICIAL_CURRENT_EXACT_MATCH,WOMEN_KNIT,2026-08-09,公式商品名の主要部と品番を照合。一部店舗限定表記を公式名として保持
TMP_NBR_BRNC_0005_0001,GLOBAL WORK,洗えるリブシアーVネック長袖カーディガン,洗えるリブシアーVネック長袖カーディガン,902751,https://www.dot-st.com/globalwork/disp/item/902751/,OFFICIAL_CURRENT_EXACT_MATCH,WOMEN_KNIT,2026-08-09,公式商品名と品番を照合。価格・混率・販売数量は本リンク照合では登録しない
TMP_NBR_BRNC_0016_0003,GU,シアーボクシーカーディガン,シアーボクシーカーディガン,361744,https://www.gu-global.com/jp/ja/products/E361744-000/00,OFFICIAL_CURRENT_EXACT_MATCH,OUT_OF_SCOPE_MENS_UNISEX,2026-08-09,公式ページはMEN表示かつユニセックス仕様。URLは確定し女性ニット調査対象から除外
TMP_NBR_BRNC_0016_0002,GU,ボートネックニットタンクトップQ+EC,ボートネックニットタンクトップQ+EC,360752,https://www.gu-global.com/jp/ja/products/E360752-000/00,OFFICIAL_CURRENT_EXACT_MATCH,WOMEN_KNIT,2026-08-09,公式WOMEN商品名と品番を照合。未依頼の仕様値は転記しない
TMP_NBR_BRNC_0016_0001,GU,リブボートネックカーディガン(半袖)Q,リブボートネックカーディガン(半袖)Q,361701,https://www.gu-global.com/jp/ja/products/E361701-000/00,OFFICIAL_CURRENT_EXACT_MATCH,WOMEN_KNIT,2026-08-09,公式WOMEN商品名と品番を照合。未依頼の仕様値は転記しない
TMP_NBR_BRNC_0019_0002,MUJI,なめらか天竺編みワイドセーター,婦人 なめらか天竺編みワイドセーター,23157735,https://www.muji.com/jp/ja/store/cmdty/detail/4550723157735,OFFICIAL_CURRENT_EXACT_MATCH,WOMEN_KNIT,2026-08-09,公式婦人商品名と商品番号を照合。カラー・サイズ別SKUの一次根拠URL
TMP_NBR_BRNC_0019_0001,MUJI,なめらか天竺編み七分袖ワイドカーディガン,婦人 なめらか天竺編み七分袖ワイドカーディガン,23158312,https://www.muji.com/jp/ja/store/cmdty/detail/4550723158312,OFFICIAL_CURRENT_EXACT_MATCH,WOMEN_KNIT,2026-08-09,公式婦人商品名と商品番号を照合。カラー・サイズ別SKUの一次根拠URL
TMP_NBR_BRNC_0019_0003,MUJI,リネン混透かし編みＶネックカーディガン,婦人 リネン混透かし編みＶネックカーディガン,23000789,https://www.muji.com/jp/ja/store/cmdty/detail/4550723000789,OFFICIAL_CURRENT_EXACT_MATCH,WOMEN_KNIT,2026-08-09,公式婦人商品名と商品番号を照合。カラー・サイズ別SKUの一次根拠URL
